panel,x,sorted,random,maxwellian
a_density,-3.975000,7.330961767e-06,0.0001587011313,0.0001478590603
a_density,-3.925000,1.466192353e-05,0.00018311669,0.0001801445393
a_density,-3.875000,7.330961767e-06,0.0002172984721,0.0002189316378
a_density,-3.825000,4.887307845e-06,0.0002881035923,0.0002654056804
a_density,-3.775000,4.887307845e-06,0.000275895813,0.0003209417122
a_density,-3.725000,9.77461569e-06,0.0003589087124,0.0003871296016
a_density,-3.675000,9.77461569e-06,0.0005249345114,0.0004658014753
a_density,-3.625000,7.330961767e-06,0.0004785449499,0.0005590615222
a_density,-3.575000,0,0.0006714278634,0.0006693181615
a_density,-3.525000,9.77461569e-06,0.0007715316539,0.0007993185281
a_density,-3.475000,7.330961767e-06,0.0008814016679,0.0009521851725
a_density,-3.425000,9.77461569e-06,0.00116950526,0.001131454808
a_density,-3.375000,2.443653922e-06,0.0013111155,0.001341118873
a_density,-3.325000,4.887307845e-06,0.001587011313,0.001585665584
a_density,-3.275000,9.77461569e-06,0.001916621355,0.001870123078
a_density,-3.225000,4.887307845e-06,0.002194958724,0.00220010315
a_density,-3.175000,9.77461569e-06,0.002663737451,0.002581844964
a_density,-3.125000,9.77461569e-06,0.002954282599,0.003022258035
a_density,-3.075000,4.887307845e-06,0.003547580674,0.003528963655
a_density,-3.025000,2.443653922e-06,0.003950437393,0.004110333817
a_density,-2.975000,7.330961767e-06,0.004770800164,0.004775526577
a_density,-2.925000,7.330961767e-06,0.00546420203,0.005534516703
a_density,-2.875000,4.887307845e-06,0.006352928365,0.006398120311
a_density,-2.825000,9.77461569e-06,0.007441862282,0.007378012149
a_density,-2.775000,2.443653922e-06,0.00847708197,0.008486734062
a_density,-2.725000,9.77461569e-06,0.00942196409,0.009737693141
a_density,-2.675000,9.77461569e-06,0.01133858545,0.01114514799
a_density,-2.625000,0,0.01270097362,0.0127241816
a_density,-2.575000,1.466192353e-05,0.01440517961,0.01449065916
a_density,-2.525000,9.77461569e-06,0.01637063209,0.01646116953
a_density,-2.475000,7.330961767e-06,0.01876823995,0.01865294879
a_density,-2.425000,4.887307845e-06,0.02110480891,0.02108378467
a_density,-2.375000,7.330961767e-06,0.02353904011,0.02377190083
a_density,-2.325000,1.710557746e-05,0.02657389405,0.02673582017
a_density,-2.275000,1.710557746e-05,0.03023134474,0.02999420648
a_density,-2.225000,9.77461569e-06,0.03380578253,0.03356568434
a_density,-2.175000,1.221826961e-05,0.03754380456,0.03746863735
a_density,-2.125000,7.330961767e-06,0.04153574841,0.04172098526
a_density,-2.075000,4.887307845e-06,0.04686566486,0.046339941
a_density,-2.025000,9.77461569e-06,0.05097236183,0.0513417492
a_density,-1.975000,9.77461569e-06,0.05675640768,0.0567414081
a_density,-1.925000,4.887307845e-06,0.0626747391,0.0625523775
a_density,-1.875000,9.77461569e-06,0.06968688755,0.06878627583
a_density,-1.825000,7.330961767e-06,0.07576636166,0.07545256991
a_density,-1.775000,9.77461569e-06,0.0830885877,0.08255826164
a_density,-1.725000,7.330961767e-06,0.09057683955,0.09010757603
a_density,-1.675000,2.443653922e-06,0.0978380267,0.09810165586
a_density,-1.625000,9.77461569e-06,0.1062296542,0.1065382681
a_density,-1.575000,2.443653922e-06,0.1160520335,0.1154115281
a_density,-1.525000,7.330961767e-06,0.1248050112,0.1247116467
a_density,-1.475000,2.443653922e-06,0.1351034939,0.1344247074
a_density,-1.425000,9.77461569e-06,0.1452213014,0.1445324783
a_density,-1.375000,7.330961767e-06,0.155322018,0.1550122655
a_density,-1.325000,1.221826961e-05,0.165723046,0.1658368122
a_density,-1.275000,2.443653922e-06,0.176778411,0.1769742507
a_density,-1.225000,7.330961767e-06,0.1879534122,0.1883881093
a_density,-1.175000,2.443653922e-06,0.1994702312,0.2000373793
a_density,-1.125000,4.887307845e-06,0.2124739578,0.2118766458
a_density,-1.075000,4.887307845e-06,0.2237978939,0.2238562816
a_density,-1.025000,9.77461569e-06,0.2361570497,0.2359227087
a_density,-0.975000,1.221826961e-05,0.2485650366,0.2480187246
a_density,-0.925000,2.443653922e-06,0.2595398302,0.2600838934
a_density,-0.875000,7.330961767e-06,0.2713496359,0.2720549984
a_density,-0.825000,9.77461569e-06,0.2845462454,0.2838665535
a_density,-0.775000,9.77461569e-06,0.2952378185,0.2954513673
a_density,-0.725000,7.330961767e-06,0.3052286651,0.3067411541
a_density,-0.675000,4.887307845e-06,0.3166673544,0.3176671847
a_density,-0.625000,2.443653922e-06,0.3272588237,0.3281609686
a_density,-0.575000,0,0.33784541,0.3381549579
a_density,-0.525000,7.330961767e-06,0.3481023862,0.3475832643
a_density,-0.475000,4.887307845e-06,0.3558250274,0.3563823765
a_density,-0.425000,7.330961767e-06,0.3632400325,0.3644918697
a_density,-0.375000,2.443653922e-06,0.3716658418,0.3718550939
a_density,-0.325000,0,0.3782995491,0.3784198319
a_density,-0.275000,4.887307845e-06,0.3826772588,0.3841389153
a_density,-0.225000,7.330961767e-06,0.3884368891,0.388970788
a_density,-0.175000,7.330961767e-06,0.3925484692,0.3928800094
a_density,-0.125000,2.932384707e-05,0.3964110105,0.3958376869
a_density,-0.075000,0.00069155406,0.3996753707,0.3978218316
a_density,-0.025000,3.112254741,0.3999781237,0.3988176304
a_density,0.025000,16.88520386,0.3990430078,0.3988176304
a_density,0.075000,0.0006695611747,0.3984570344,0.3978218316
a_density,0.125000,5.864769414e-05,0.3960936083,0.3958376869
a_density,0.175000,1.221826961e-05,0.3933908059,0.3928800094
a_density,0.225000,9.77461569e-06,0.3897846279,0.388970788
a_density,0.275000,7.330961767e-06,0.3838272316,0.3841389153
a_density,0.325000,4.887307845e-06,0.3788513407,0.3784198319
a_density,0.375000,7.330961767e-06,0.3719612701,0.3718550939
a_density,0.425000,4.887307845e-06,0.3653397706,0.3644918697
a_density,0.475000,4.887307845e-06,0.3561814945,0.3563823765
a_density,0.525000,7.330961767e-06,0.3465812969,0.3475832643
a_density,0.575000,7.330961767e-06,0.3367662423,0.3381549579
a_density,0.625000,0,0.3275151871,0.3281609686
a_density,0.675000,2.443653922e-06,0.3185107291,0.3176671847
a_density,0.725000,2.443653922e-06,0.3062223784,0.3067411541
a_density,0.775000,2.443653922e-06,0.2963462849,0.2954513673
a_density,0.825000,1.221826961e-05,0.2851004786,0.2838665535
a_density,0.875000,2.443653922e-06,0.2719527002,0.2720549984
a_density,0.925000,1.221826961e-05,0.259442168,0.2600838934
a_density,0.975000,7.330961767e-06,0.2486334001,0.2480187246
a_density,1.025000,7.330961767e-06,0.236303543,0.2359227087
a_density,1.075000,7.330961767e-06,0.2233193489,0.2238562816
a_density,1.125000,4.887307845e-06,0.2119270492,0.2118766458
a_density,1.175000,4.887307845e-06,0.2018385404,0.2000373793
a_density,1.225000,1.221826961e-05,0.1884685805,0.1883881093
a_density,1.275000,2.443653922e-06,0.1756064642,0.1769742507
a_density,1.325000,7.330961767e-06,0.164914891,0.1658368122
a_density,1.375000,7.330961767e-06,0.1552097065,0.1550122655
a_density,1.425000,2.443653922e-06,0.1439223937,0.1445324783
a_density,1.475000,7.330961767e-06,0.1351327926,0.1344247074
a_density,1.525000,4.887307845e-06,0.1242361287,0.1247116467
a_density,1.575000,2.443653922e-06,0.1154660601,0.1154115281
a_density,1.625000,9.77461569e-06,0.1062101218,0.1065382681
a_density,1.675000,9.77461569e-06,0.09869012969,0.09810165586
a_density,1.725000,9.77461569e-06,0.09041081375,0.09010757603
a_density,1.775000,1.221826961e-05,0.08248796496,0.08255826164
a_density,1.825000,2.443653922e-06,0.07565160853,0.07545256991
a_density,1.875000,4.887307845e-06,0.0686052783,0.06878627583
a_density,1.925000,7.330961767e-06,0.06237931084,0.0625523775
a_density,1.975000,9.77461569e-06,0.05625588873,0.0567414081
a_density,2.025000,2.443653922e-06,0.05145090678,0.0513417492
a_density,2.075000,1.710557746e-05,0.04651408082,0.046339941
a_density,2.125000,7.330961767e-06,0.04147959262,0.04172098526
a_density,2.175000,4.887307845e-06,0.03730209053,0.03746863735
a_density,2.225000,7.330961767e-06,0.03320027668,0.03356568434
a_density,2.275000,2.443653922e-06,0.03003846183,0.02999420648
a_density,2.325000,4.887307845e-06,0.02684490676,0.02673582017
a_density,2.375000,4.887307845e-06,0.0238271437,0.02377190083
a_density,2.425000,9.77461569e-06,0.02130013338,0.02108378467
a_density,2.475000,4.887307845e-06,0.01850455191,0.01865294879
a_density,2.525000,9.77461569e-06,0.01640969698,0.01646116953
a_density,2.575000,7.330961767e-06,0.01457853008,0.01449065916
a_density,2.625000,4.887307845e-06,0.0127961943,0.0127241816
a_density,2.675000,7.330961767e-06,0.01139718279,0.01114514799
a_density,2.725000,9.77461569e-06,0.00971739235,0.009737693141
a_density,2.775000,4.887307845e-06,0.008374536623,0.008486734062
a_density,2.825000,9.77461569e-06,0.007759264545,0.007378012149
a_density,2.875000,4.887307845e-06,0.006418850374,0.006398120311
a_density,2.925000,7.330961767e-06,0.005515474703,0.005534516703
a_density,2.975000,7.330961767e-06,0.004900202625,0.004775526577
a_density,3.025000,7.330961767e-06,0.004150644974,0.004110333817
a_density,3.075000,1.221826961e-05,0.003425502881,0.003528963655
a_density,3.125000,1.466192353e-05,0.00304217861,0.003022258035
a_density,3.175000,1.466192353e-05,0.002429348087,0.002581844964
a_density,3.225000,4.887307845e-06,0.002241348286,0.00220010315
a_density,3.275000,7.330961767e-06,0.001899530464,0.001870123078
a_density,3.325000,1.221826961e-05,0.001767686448,0.001585665584
a_density,3.375000,1.221826961e-05,0.001330647947,0.001341118873
a_density,3.425000,4.887307845e-06,0.001125557255,0.001131454808
a_density,3.475000,9.77461569e-06,0.0009570898998,0.0009521851725
a_density,3.525000,7.330961767e-06,0.0007959472126,0.0007993185281
a_density,3.575000,2.443653922e-06,0.0006665447516,0.0006693181615
a_density,3.625000,7.330961767e-06,0.0005566747376,0.0005590615222
a_density,3.675000,7.330961767e-06,0.0003833242711,0.0004658014753
a_density,3.725000,4.887307845e-06,0.0003784411594,0.0003871296016
a_density,3.775000,7.330961767e-06,0.000329610042,0.0003209417122
a_density,3.825000,2.443653922e-06,0.0002661295895,0.0002654056804
a_density,3.875000,0,0.0001806751341,0.0002189316378
a_density,3.925000,9.77461569e-06,0.0001977660252,0.0001801445393
a_density,3.975000,1.221826961e-05,0.0001440517961,0.0001478590603
b_survival,0.050000,0.00104675293,0.9600513916,0.9601223883
b_survival,0.051645,0.001040283203,0.9587398682,0.9588113813
b_survival,0.053345,0.001035888672,0.9573790283,0.9574573531
b_survival,0.055100,0.001030395508,0.9559658203,0.9560589002
b_survival,0.056913,0.001025634766,0.9545072021,0.9546145739
b_survival,0.058786,0.001020996094,0.9530114746,0.9531228792
b_survival,0.060720,0.001015869141,0.951454834,0.9515822734
b_survival,0.062718,0.001012939453,0.9498725586,0.9499911647
b_survival,0.064782,0.001009033203,0.9482298584,0.9483479106
b_survival,0.066913,0.001006469727,0.9465227051,0.9466508168
b_survival,0.069115,0.001003051758,0.9447580566,0.9448981351
b_survival,0.071389,0.0009992675781,0.9429345703,0.9430880623
b_survival,0.073738,0.0009971923828,0.9410479736,0.9412187385
b_survival,0.076164,0.0009946289063,0.9391099854,0.9392882454
b_survival,0.078671,0.0009927978516,0.9371081543,0.937294605
b_survival,0.081259,0.0009913330078,0.9350443115,0.9352357776
b_survival,0.083933,0.0009897460938,0.9329033203,0.9331096602
b_survival,0.086695,0.0009870605469,0.9307449951,0.9309140849
b_survival,0.089547,0.000984375,0.9284572754,0.9286468173
b_survival,0.092494,0.0009812011719,0.9260970459,0.9263055545
b_survival,0.095537,0.0009797363281,0.9237008057,0.9238879235
b_survival,0.098681,0.0009792480469,0.9212132568,0.9213914797
b_survival,0.101928,0.0009780273437,0.9186105957,0.9188137047
b_survival,0.105282,0.0009753417969,0.9159571533,0.9161520052
b_survival,0.108746,0.0009753417969,0.9131815186,0.9134037105
b_survival,0.112325,0.0009753417969,0.9103363037,0.9105660717
b_survival,0.116021,0.0009753417969,0.9073930664,0.9076362592
b_survival,0.119838,0.0009753417969,0.904338501,0.9046113618
b_survival,0.123781,0.0009753417969,0.90124646,0.9014883846
b_survival,0.127854,0.0009749755859,0.898024292,0.8982642478
b_survival,0.132061,0.0009749755859,0.8947137451,0.8949357851
b_survival,0.136407,0.0009748535156,0.8913016357,0.8914997425
b_survival,0.140895,0.000974609375,0.8877327881,0.8879527769
b_survival,0.145531,0.0009743652344,0.8840695801,0.8842914551
b_survival,0.150320,0.0009743652344,0.8802617188,0.8805122527
b_survival,0.155266,0.0009743652344,0.8763741455,0.8766115534
b_survival,0.160375,0.0009743652344,0.872357666,0.8725856483
b_survival,0.165652,0.0009742431641,0.8681740723,0.8684307357
b_survival,0.171103,0.0009739990234,0.8638719482,0.8641429204
b_survival,0.176733,0.0009739990234,0.8594447021,0.8597182145
b_survival,0.182548,0.0009738769531,0.8548961182,0.8551525373
b_survival,0.188555,0.0009737548828,0.8501859131,0.8504417162
b_survival,0.194759,0.0009733886719,0.8453426514,0.8455814879
b_survival,0.201168,0.0009733886719,0.8403173828,0.8405675003
b_survival,0.207787,0.0009732666016,0.8351431885,0.8353953141
b_survival,0.214624,0.0009730224609,0.8298110352,0.8300604056
b_survival,0.221686,0.0009729003906,0.8243223877,0.8245581701
b_survival,0.228981,0.0009727783203,0.8186274414,0.818883926
b_survival,0.236515,0.00097265625,0.8128024902,0.813032919
b_survival,0.244298,0.00097265625,0.8067192383,0.807000328
b_survival,0.252336,0.0009724121094,0.8005189209,0.8007812713
b_survival,0.260639,0.0009721679687,0.7941582031,0.7943708145
b_survival,0.269215,0.0009721679687,0.7875610352,0.7877639785
b_survival,0.278074,0.0009721679687,0.7807984619,0.7809557495
b_survival,0.287224,0.0009721679687,0.7738046875,0.7739410901
b_survival,0.296675,0.0009719238281,0.7665344238,0.766714952
b_survival,0.306437,0.0009718017578,0.7590906982,0.7592722901
b_survival,0.316520,0.0009718017578,0.7513731689,0.751608078
b_survival,0.326935,0.0009718017578,0.7434958496,0.7437173264
b_survival,0.337692,0.0009718017578,0.7353758545,0.7355951024
b_survival,0.348804,0.0009716796875,0.7270444336,0.7272365519
b_survival,0.360281,0.0009716796875,0.718421875,0.7186369237
b_survival,0.372136,0.0009715576172,0.7095693359,0.7097915964
b_survival,0.384381,0.0009714355469,0.7005,0.7006961087
b_survival,0.397029,0.0009711914063,0.6911408691,0.6913461914
b_survival,0.410093,0.0009710693359,0.6815911865,0.6817378036
b_survival,0.423587,0.0009710693359,0.6717172852,0.6718671718
b_survival,0.437525,0.0009708251953,0.6615594482,0.6617308325
b_survival,0.451921,0.0009705810547,0.6511589355,0.651325679
b_survival,0.466792,0.0009703369141,0.6404388428,0.6406490113
b_survival,0.482151,0.0009702148438,0.6295272217,0.629698591
b_survival,0.498016,0.0009700927734,0.6183366699,0.6184726998
b_survival,0.514403,0.0009699707031,0.6068679199,0.6069702027
b_survival,0.531329,0.0009696044922,0.5950994873,0.5951906155
b_survival,0.548812,0.0009693603516,0.5830184326,0.5831341772
b_survival,0.566871,0.0009692382812,0.5707027588,0.570801926
b_survival,0.585523,0.0009691162109,0.558137207,0.558195781
b_survival,0.604790,0.0009689941406,0.5452825928,0.5453186271
b_survival,0.624690,0.0009689941406,0.5321833496,0.5321744046
b_survival,0.645245,0.0009688720703,0.5187894287,0.5187682022
b_survival,0.666477,0.0009688720703,0.5051391602,0.5051063534
b_survival,0.688407,0.00096875,0.4912067871,0.4911965349
b_survival,0.711059,0.0009683837891,0.4771663818,0.4770478679
b_survival,0.734456,0.0009680175781,0.4627487793,0.4626710185
b_survival,0.758623,0.0009678955078,0.4482342529,0.448078299
b_survival,0.783585,0.0009674072266,0.4333911133,0.4332837669
b_survival,0.809368,0.0009672851562,0.4183903809,0.418303319
b_survival,0.836000,0.0009669189453,0.4031970215,0.4031547814
b_survival,0.863508,0.0009663085938,0.387911499,0.3878579905
b_survival,0.891922,0.0009660644531,0.372489502,0.3724348627
b_survival,0.921270,0.0009656982422,0.3570428467,0.3569094514
b_survival,0.951584,0.0009650878906,0.3414244385,0.3413079859
b_survival,0.982895,0.0009645996094,0.32575354,0.3256588899
b_survival,1.015237,0.0009638671875,0.3100447998,0.3099927751
b_survival,1.048643,0.0009632568359,0.2943724365,0.2943424063
b_survival,1.083148,0.000962890625,0.2788282471,0.278742632
b_survival,1.118789,0.0009624023438,0.2632963867,0.2632302787
b_survival,1.155602,0.0009621582031,0.2478841553,0.2478440023
b_survival,1.193627,0.0009617919922,0.2326170654,0.2326240931
b_survival,1.232902,0.0009611816406,0.2176308594,0.217612231
b_survival,1.273470,0.0009606933594,0.2028758545,0.2028511871
b_survival,1.315373,0.0009602050781,0.1884915771,0.1883844699
b_survival,1.358655,0.0009595947266,0.1744239502,0.1742559147
b_survival,1.403361,0.0009587402344,0.160621582,0.1605092165
b_survival,1.449538,0.0009582519531,0.147309082,0.1471874088
b_survival,1.497234,0.0009577636719,0.1343800049,0.1343322925
b_survival,1.546500,0.0009572753906,0.122052124,0.1219838224
b_survival,1.597387,0.0009569091797,0.110229126,0.1101794596
b_survival,1.649948,0.0009559326172,0.09902807617,0.09895350392
b_survival,1.704239,0.0009553222656,0.0884005127,0.08833642122
b_survival,1.760316,0.0009537353516,0.07837365723,0.07835418435
b_survival,1.818239,0.0009532470703,0.06900708008,0.06902764931
b_survival,1.878067,0.0009525146484,0.06034460449,0.06037199026
b_survival,1.939864,0.0009517822266,0.05234594727,0.05239621852
b_survival,2.003694,0.0009505615234,0.0450625,0.04510281123
b_survival,2.069625,0.0009495849609,0.03847412109,0.03848747443
b_survival,2.137725,0.0009481201172,0.03251538086,0.03253906309
b_survival,2.208066,0.000947265625,0.02722900391,0.02723967645
b_survival,2.280721,0.0009459228516,0.02254748535,0.02256494091
b_survival,2.355767,0.0009443359375,0.0184708252,0.01848448549
b_survival,2.433283,0.0009432373047,0.0149642334,0.0149626051
b_survival,2.513349,0.0009420166016,0.01195935059,0.01195909716
b_survival,2.596050,0.0009404296875,0.00943359375,0.0094302458
b_survival,2.681471,0.0009392089844,0.00732409668,0.007329917874
b_survival,2.769704,0.0009382324219,0.005604248047,0.005610725629
b_survival,2.860840,0.0009368896484,0.004204833984,0.00422520429
b_survival,2.954974,0.000935546875,0.003113647461,0.003126949126
b_survival,3.052207,0.0009344482422,0.002260498047,0.002271657089
b_survival,3.152638,0.0009323730469,0.001611206055,0.001618022992
b_survival,3.256374,0.0009306640625,0.001124755859,0.00112844939
b_survival,3.363524,0.0009285888672,0.000755859375,0.0007695423683
b_survival,3.474199,0.0009270019531,0.0004982910156,0.0005123810952
b_survival,3.588516,0.0009256591797,0.0003225097656,0.0003325658185
b_survival,3.706594,0.0009239501953,0.000205078125,0.0002100650435
b_survival,3.828558,0.0009224853516,0.0001260986328,0.0001288962067
b_survival,3.954535,0.0009207763672,7.482910156e-05,7.668362767e-05
b_survival,4.084657,0.0009176025391,4.19921875e-05,4.414192806e-05
b_survival,4.219061,0.0009166259766,2.380371094e-05,2.453218764e-05
b_survival,4.357887,0.0009149169922,1.26953125e-05,1.313239709e-05
b_survival,4.501282,0.0009133300781,5.615234375e-06,6.754494615e-06
b_survival,4.649394,0.0009116210937,3.662109375e-06,3.329113626e-06
b_survival,4.802380,0.0009094238281,1.831054688e-06,1.567904514e-06
b_survival,4.960401,0.0009074707031,7.32421875e-07,7.034796419e-07
b_survival,5.123620,0.0009056396484,3.662109375e-07,2.997242823e-07
b_survival,5.292211,0.0009041748047,3.662109375e-07,1.208465578e-07
b_survival,5.466348,0.0009024658203,1.220703125e-07,4.594008024e-08
b_survival,5.646216,0.0008992919922,0,1.64017589e-08
b_survival,5.832002,0.0008974609375,0,5.476614873e-09
b_survival,6.023902,0.0008955078125,0,1.702617675e-09
b_survival,6.222115,0.0008927001953,0,4.904958078e-10
b_survival,6.426851,0.0008887939453,0,1.302740999e-10
b_survival,6.638324,0.0008854980469,0,3.172699408e-11
b_survival,6.856755,0.0008828125,0,7.044228706e-12
b_survival,7.082373,0.0008787841797,0,1.41706203e-12
b_survival,7.315416,0.0008753662109,0,2.565858724e-13
b_survival,7.556126,0.0008709716797,0,4.152512987e-14
b_survival,7.804757,0.0008670654297,0,5.961630849e-15
b_survival,8.061569,0.0008623046875,0,7.532138257e-16
b_survival,8.326831,0.0008587646484,0,8.303499766e-17
b_survival,8.600822,0.0008552246094,0,7.914728921e-18
b_survival,8.883828,0.0008520507812,0,6.459817861e-19
b_survival,9.176146,0.0008481445313,0,4.467953505e-20
b_survival,9.478083,0.0008432617188,0,2.589968259e-21
b_survival,9.789955,0.0008371582031,0,1.24350999e-22
b_survival,10.112089,0.0008328857422,0,4.883167206e-24
b_survival,10.444823,0.0008276367187,0,1.547439602e-25
b_survival,10.788505,0.0008227539062,0,3.900832638e-27
b_survival,11.143496,0.0008170166016,0,7.703487778e-29
b_survival,11.510168,0.0008143310547,0,1.172503949e-30
b_survival,11.888904,0.0008082275391,0,1.351680639e-32
b_survival,12.280103,0.0008026123047,0,1.15850176e-34
b_survival,12.684175,0.0007980957031,0,7.237226784e-37
b_survival,13.101542,0.0007923583984,0,3.226373006e-39
b_survival,13.532642,0.0007857666016,0,1.003513831e-41
b_survival,13.977927,0.0007786865234,0,2.125897758e-44
b_survival,14.437865,0.0007709960937,0,2.989619625e-47
b_survival,14.912936,0.0007653808594,0,2.715451692e-50
b_survival,15.403639,0.0007583007813,0,1.547115129e-53
b_survival,15.910489,0.0007512207031,0,5.359323202e-57
b_survival,16.434016,0.0007435302734,0,1.091817623e-60
b_survival,16.974770,0.0007360839844,0,1.262473451e-64
b_survival,17.533317,0.0007281494141,0,7.977631995e-69
b_survival,18.110243,0.0007198486328,0,2.645771537e-73
b_survival,18.706152,0.0007105712891,0,4.4109292e-78
b_survival,19.321670,0.0007019042969,0,3.53042759e-83
b_survival,19.957441,0.0006939697266,0,1.291598519e-88
b_survival,20.614131,0.0006839599609,0,2.04969091e-94
b_survival,21.292430,0.0006727294922,0,1.334277307e-100
b_survival,21.993047,0.0006611328125,0,3.356710719e-107
b_survival,22.716719,0.0006502685547,0,3.062480821e-114
b_survival,23.464202,0.000638671875,0,9.468006859e-122
b_survival,24.236281,0.0006275634766,0,9.226404579e-130
b_survival,25.033765,0.0006140136719,0,2.62334426e-138
b_survival,25.857489,0.0005992431641,0,2.004211215e-147
b_survival,26.708318,0.0005848388672,0,3.768079037e-157
b_survival,27.587143,0.0005679931641,0,1.587281598e-167
b_survival,28.494886,0.0005523681641,0,1.355470241e-178
b_survival,29.432497,0.00053515625,0,2.108947437e-190
b_survival,30.400960,0.0005183105469,0,5.334795141e-203
b_survival,31.401290,0.0004996337891,0,1.943004017e-216
b_survival,32.434535,0.0004797363281,0,8.950170317e-231
b_survival,33.501778,0.0004587402344,0,4.540692183e-246
b_survival,34.604139,0.0004366455078,0,2.189068701e-262
b_survival,35.742773,0.0004119873047,0,8.567809769e-280
b_survival,36.918872,0.0003833007813,0,2.301474786e-298
b_survival,38.133671,0.0003513183594,0,3.546842924e-318
b_survival,39.388442,0.0003200683594,0,0
b_survival,40.684501,0.0002806396484,0,0
b_survival,42.023206,0.00023828125,0,0
b_survival,43.405960,0.0001800537109,0,0
b_survival,44.834213,8.227539062e-05,0,0
b_survival,46.309463,0,0,0
b_survival,47.833255,0,0,0
b_survival,49.407186,0,0,0
b_survival,51.032907,0,0,0
b_survival,52.712122,0,0,0
b_survival,54.446590,0,0,0
b_survival,56.238130,0,0,0
b_survival,58.088620,0,0,0
b_survival,60.000000,0,0,0
